Score,Address,Price,Reasoning,Action
7,"4698 Winding River Rd, Orlando","$379,999","Priced in the middle tier of three active listings on the same street. It serves as a good benchmark, but is outshined by its neighbor at 4899 Winding River Rd.","Schedule a combined viewing of all Winding River Rd properties to assess condition disparities."
5,"10584 Pearson Ave, Orlando","$944,989","High-end luxury price tier. Properties at this price point generally experience lower liquidity and require deeper underwriting than standard HOT strategy plays.","Monitor days on market; if it reaches 60+ days, pivot to a STALE strategy review."
6,"4923 Winding River Rd, Orlando","$389,990","The highest-priced single-family home of the three active listings on Winding River Rd. It lacks an immediate competitive pricing advantage.","Keep as a secondary comp to justify offers on the lower-priced homes on this street."
5.5,"7440 Sienna Wood Ave, Orlando","$824,990","Premium priced single-family home. Harder to exit quickly under a fast-turnaround strategy without a massive built-in discount.","Request property disclosure and check for premium lot or luxury upgrade justifications."
8.5,"4899 Winding River Rd, Orlando","$372,990","Excellent target. This is the lowest-priced listing of the three active properties on Winding River Rd, presenting an immediate arbitrage or negotiation advantage.","Submit a rapid soft offer or schedule a walkthrough today before other buyers exploit the price difference."
5.5,"10933 Heather Haven St, Orlando","$556,890","Highest priced among the local Heather Haven/Leafy Laurel cluster. Seems overpriced compared to its direct neighbor at 10939 Heather Haven.","Pass on this unless 10939 Heather Haven gets locked up under contract first."
6.5,"10758 Leafy Laurel St, Orlando","$545,790","Sits in the middle of this specific neighborhood pocket's pricing structure. Average deal potential.","Perform desk-top appraisal to see if square footage justifies the mid-tier pricing."
8,"10939 Heather Haven St, Orlando","$518,590","Priced significantly lower ($38k less) than its direct neighbor at 10933 Heather Haven St, indicating high motivation or a highly competitive starting price.","Call listing agent immediately to verify condition, seller motivation, and presence of competing offers."
6.5,"10682 Evening Star St, Orlando","$436,390","A relatively high entry price for a townhouse in this batch compared to options on Twain St and Cygnus Dr.","Investigate if HOA fees are low enough to compensate for the higher purchase price."
8,"6059 Twain St, Orlando","$325,000","Lowest priced townhouse in the dataset. Highly competitive entry point that will appeal strongly to budget-conscious buyers or yield-seeking rental investors.","Verify rental restrictions with the HOA and check local rental comps for cash-flow potential."
7.5,"900 Timor Ave, Orlando","$450,000","Solid mid-tier single-family home price point for the Orlando market. Highly liquid price range.","Run a quick CMA (Comparative Market Analysis) to determine if this is priced below the neighborhood mean."
6,"9972 Red Canoe Aly, Orlando","$399,990","Priced near the ceiling for townhouses in this list. Harder to generate immediate equity without a price cut.","Monitor listing status and prepare to engage if a price reduction occurs."
5,"1126 Edwards Ln, Orlando","$1,100,000","Seven-figure luxury property. Highly illiquid asset that does not fit the rapid-acquisition profile of the HOT strategy.","Archive and monitor. Only engage if there is a drastic price drop or it becomes highly stale."
9,"4586 Pheasant Run Dr, Orlando","$187,000","Under $200k in Orlando is extremely rare. Extremely low-risk entry point. Excellent potential for a high-yield rental or rapid cosmetic flip.","Conduct immediate HOA assessment (ensure no litigation or high special assessments) and draft a clean, quick-close cash offer."
7.5,"13672 Cygnus Dr, Orlando","$360,000","Well-priced townhouse option. Competes favorably against the higher priced townhouses on Red Canoe Aly and Evening Star St.","Analyze historic rental rates in the Cygnus Dr subdivision to evaluate cap rate potential."